{"MANDT":"100","SCALCART":1,"SAMPLES":112,"SAMPLETYP":3,"KNIVEAU":95.0000000,"UWTYP":1,"DECAY":0.940000000}
